Filename,Issues,File Size,Width,Height,FPS,Duration,Frame Count
bbaf2n.mpg,ok,452608,360,288,25.0,3.0,75
bbaf3s.mpg,ok,438272,360,288,25.0,3.0,75
bbaf4p.mpg,ok,430080,360,288,25.0,3.0,75
bbaf5a.mpg,ok,446464,360,288,25.0,3.0,75
bbal6n.mpg,ok,428032,360,288,25.0,3.0,75
bbal7s.mpg,ok,411648,360,288,25.0,3.0,75
bbal8p.mpg,ok,419840,360,288,25.0,3.0,75
bbal9a.mpg,ok,411648,360,288,25.0,3.0,75
bbas1s.mpg,ok,442368,360,288,25.0,3.0,75
bbas2p.mpg,ok,407552,360,288,25.0,3.0,75
bbas3a.mpg,ok,473088,360,288,25.0,3.0,75
bbaszn.mpg,ok,417792,360,288,25.0,3.0,75
bbaz4n.mpg,ok,438272,360,288,25.0,3.0,75
bbaz5s.mpg,ok,477184,360,288,25.0,3.0,75
bbaz6p.mpg,ok,421888,360,288,25.0,3.0,75
bbaz7a.mpg,ok,411648,360,288,25.0,3.0,75
bbbf6n.mpg,ok,428032,360,288,25.0,3.0,75
bbbf7s.mpg,ok,454656,360,288,25.0,3.0,75
bbbf8p.mpg,ok,432128,360,288,25.0,3.0,75
bbbf9a.mpg,ok,405504,360,288,25.0,3.0,75
bbbm1s.mpg,ok,423936,360,288,25.0,3.0,75
bbbm2p.mpg,ok,450560,360,288,25.0,3.0,75
bbbm3a.mpg,ok,407552,360,288,25.0,3.0,75
bbbmzn.mpg,ok,430080,360,288,25.0,3.0,75
bbbs4n.mpg,ok,425984,360,288,25.0,3.0,75
bbbs5s.mpg,ok,487424,360,288,25.0,3.0,75
bbbs6p.mpg,ok,423936,360,288,25.0,3.0,75
bbbs7a.mpg,ok,421888,360,288,25.0,3.0,75
bbbz8n.mpg,ok,423936,360,288,25.0,3.0,75
bbbz9s.mpg,ok,458752,360,288,25.0,3.0,75
bbie8n.mpg,ok,423936,360,288,25.0,3.0,75
bbie9s.mpg,ok,419840,360,288,25.0,3.0,75
bbif1a.mpg,ok,413696,360,288,25.0,3.0,75
bbifzp.mpg,ok,419840,360,288,25.0,3.0,75
bbil2n.mpg,ok,425984,360,288,25.0,3.0,75
bbil3s.mpg,ok,428032,360,288,25.0,3.0,75
bbil4p.mpg,ok,411648,360,288,25.0,3.0,75
bbil5a.mpg,ok,413696,360,288,25.0,3.0,75
bbir6n.mpg,ok,438272,360,288,25.0,3.0,75
bbir7s.mpg,ok,415744,360,288,25.0,3.0,75
bbir8p.mpg,ok,407552,360,288,25.0,3.0,75
bbir9a.mpg,ok,430080,360,288,25.0,3.0,75
bbiz1s.mpg,ok,403456,360,288,25.0,3.0,75
bbiz2p.mpg,ok,432128,360,288,25.0,3.0,75
bbiz3a.mpg,ok,432128,360,288,25.0,3.0,75
bbizzn.mpg,ok,436224,360,288,25.0,3.0,75
bbwg1s.mpg,ok,477184,360,288,25.0,3.0,75
bbwg2p.mpg,ok,423936,360,288,25.0,3.0,75
bbwg3a.mpg,ok,434176,360,288,25.0,3.0,75
bbwgzn.mpg,ok,419840,360,288,25.0,3.0,75
bbwm4n.mpg,ok,423936,360,288,25.0,3.0,75
bbwm5s.mpg,ok,444416,360,288,25.0,3.0,75
bbwm6p.mpg,ok,440320,360,288,25.0,3.0,75
bbwm7a.mpg,ok,421888,360,288,25.0,3.0,75
bbws8n.mpg,ok,438272,360,288,25.0,3.0,75
bbws9s.mpg,ok,440320,360,288,25.0,3.0,75
bbwt1a.mpg,ok,436224,360,288,25.0,3.0,75
bbwtzp.mpg,ok,425984,360,288,25.0,3.0,75
bgaa6n.mpg,ok,475136,360,288,25.0,3.0,75
bgaa7s.mpg,ok,438272,360,288,25.0,3.0,75
bgaa8p.mpg,ok,425984,360,288,25.0,3.0,75
bgaa9a.mpg,ok,460800,360,288,25.0,3.0,75
bgah1s.mpg,ok,425984,360,288,25.0,3.0,75
bgah2p.mpg,ok,428032,360,288,25.0,3.0,75
bgah3a.mpg,ok,440320,360,288,25.0,3.0,75
bgahzn.mpg,ok,444416,360,288,25.0,3.0,75
bgan4n.mpg,ok,415744,360,288,25.0,3.0,75
bgan5s.mpg,ok,423936,360,288,25.0,3.0,75
bgan6p.mpg,ok,421888,360,288,25.0,3.0,75
bgan7a.mpg,ok,409600,360,288,25.0,3.0,75
bgat8n.mpg,ok,434176,360,288,25.0,3.0,75
bgat9s.mpg,ok,417792,360,288,25.0,3.0,75
bgau1a.mpg,ok,419840,360,288,25.0,3.0,75
bgauzp.mpg,ok,421888,360,288,25.0,3.0,75
bgbb1s.mpg,ok,419840,360,288,25.0,3.0,75
bgbb2p.mpg,ok,444416,360,288,25.0,3.0,75
bgbb3a.mpg,ok,421888,360,288,25.0,3.0,75
bgbbzn.mpg,ok,417792,360,288,25.0,3.0,75
bgbh4n.mpg,ok,415744,360,288,25.0,3.0,75
bgbh5s.mpg,ok,430080,360,288,25.0,3.0,75
bgbh6p.mpg,ok,438272,360,288,25.0,3.0,75
bgbh7a.mpg,ok,444416,360,288,25.0,3.0,75
bgbn8n.mpg,ok,409600,360,288,25.0,3.0,75
bgbn9s.mpg,ok,425984,360,288,25.0,3.0,75
bgbo1a.mpg,ok,432128,360,288,25.0,3.0,75
bgbozp.mpg,ok,485376,360,288,25.0,3.0,75
bgbu2n.mpg,ok,479232,360,288,25.0,3.0,75
bgbu3s.mpg,ok,436224,360,288,25.0,3.0,75
bgbu4p.mpg,ok,419840,360,288,25.0,3.0,75
bgbu5a.mpg,ok,444416,360,288,25.0,3.0,75
bgia2n.mpg,ok,428032,360,288,25.0,3.0,75
bgia3s.mpg,ok,430080,360,288,25.0,3.0,75
bgia4p.mpg,ok,434176,360,288,25.0,3.0,75
bgia5a.mpg,ok,407552,360,288,25.0,3.0,75
bgig6n.mpg,ok,425984,360,288,25.0,3.0,75
bgig7s.mpg,ok,403456,360,288,25.0,3.0,75
bgig8p.mpg,ok,428032,360,288,25.0,3.0,75
bgig9a.mpg,ok,421888,360,288,25.0,3.0,75
bgin1s.mpg,ok,442368,360,288,25.0,3.0,75
bgin2p.mpg,ok,423936,360,288,25.0,3.0,75
bgin3a.mpg,ok,403456,360,288,25.0,3.0,75
bginzn.mpg,ok,462848,360,288,25.0,3.0,75
bgit4n.mpg,ok,425984,360,288,25.0,3.0,75
bgit5s.mpg,ok,428032,360,288,25.0,3.0,75
bgit6p.mpg,ok,417792,360,288,25.0,3.0,75
bgit7a.mpg,ok,428032,360,288,25.0,3.0,75
bgwb4n.mpg,ok,425984,360,288,25.0,3.0,75
bgwb5s.mpg,ok,448512,360,288,25.0,3.0,75
bgwb6p.mpg,ok,415744,360,288,25.0,3.0,75
bgwb7a.mpg,ok,415744,360,288,25.0,3.0,75
bgwh8n.mpg,ok,430080,360,288,25.0,3.0,75
bgwh9s.mpg,ok,417792,360,288,25.0,3.0,75
bgwi1a.mpg,ok,413696,360,288,25.0,3.0,75
bgwizp.mpg,ok,430080,360,288,25.0,3.0,75
bgwo2n.mpg,ok,419840,360,288,25.0,3.0,75
bgwo3s.mpg,ok,425984,360,288,25.0,3.0,75
bgwo4p.mpg,ok,450560,360,288,25.0,3.0,75
bgwo5a.mpg,ok,430080,360,288,25.0,3.0,75
bgwu6n.mpg,ok,419840,360,288,25.0,3.0,75
bgwu7s.mpg,ok,479232,360,288,25.0,3.0,75
bgwu8p.mpg,ok,436224,360,288,25.0,3.0,75
bgwu9a.mpg,ok,421888,360,288,25.0,3.0,75
braf8n.mpg,ok,428032,360,288,25.0,3.0,75
braf9s.mpg,ok,446464,360,288,25.0,3.0,75
brag1a.mpg,ok,428032,360,288,25.0,3.0,75
bragzp.mpg,ok,425984,360,288,25.0,3.0,75
bram2n.mpg,ok,436224,360,288,25.0,3.0,75
bram3s.mpg,ok,425984,360,288,25.0,3.0,75
bram4p.mpg,ok,423936,360,288,25.0,3.0,75
bram5a.mpg,ok,442368,360,288,25.0,3.0,75
bras6n.mpg,ok,415744,360,288,25.0,3.0,75
bras7s.mpg,ok,411648,360,288,25.0,3.0,75
bras8p.mpg,ok,432128,360,288,25.0,3.0,75
bras9a.mpg,ok,446464,360,288,25.0,3.0,75
brba1a.mpg,ok,417792,360,288,25.0,3.0,75
brbazp.mpg,ok,423936,360,288,25.0,3.0,75
brbg2n.mpg,ok,446464,360,288,25.0,3.0,75
brbg3s.mpg,ok,407552,360,288,25.0,3.0,75
brbg4p.mpg,ok,450560,360,288,25.0,3.0,75
brbg5a.mpg,ok,428032,360,288,25.0,3.0,75
brbm6n.mpg,ok,444416,360,288,25.0,3.0,75
brbm7s.mpg,ok,432128,360,288,25.0,3.0,75
brbm8p.mpg,ok,411648,360,288,25.0,3.0,75
brbm9a.mpg,ok,415744,360,288,25.0,3.0,75
brbt1s.mpg,ok,446464,360,288,25.0,3.0,75
brbt2p.mpg,ok,421888,360,288,25.0,3.0,75
brbt3a.mpg,ok,450560,360,288,25.0,3.0,75
brbtzn.mpg,ok,430080,360,288,25.0,3.0,75
brif4n.mpg,ok,407552,360,288,25.0,3.0,75
brif5s.mpg,ok,415744,360,288,25.0,3.0,75
brif6p.mpg,ok,436224,360,288,25.0,3.0,75
brif7a.mpg,ok,423936,360,288,25.0,3.0,75
bril8n.mpg,ok,423936,360,288,25.0,3.0,75
bril9s.mpg,ok,407552,360,288,25.0,3.0,75
brim1a.mpg,ok,485376,360,288,25.0,3.0,75
brimzp.mpg,ok,466944,360,288,25.0,3.0,75
bris2n.mpg,ok,436224,360,288,25.0,3.0,75
bris3s.mpg,ok,421888,360,288,25.0,3.0,75
bris4p.mpg,ok,428032,360,288,25.0,3.0,75
bris5a.mpg,ok,438272,360,288,25.0,3.0,75
briz6n.mpg,ok,432128,360,288,25.0,3.0,75
briz7s.mpg,ok,477184,360,288,25.0,3.0,75
briz8p.mpg,ok,430080,360,288,25.0,3.0,75
briz9a.mpg,ok,405504,360,288,25.0,3.0,75
brwa2n.mpg,ok,432128,360,288,25.0,3.0,75
brwa3s.mpg,ok,428032,360,288,25.0,3.0,75
brwa4p.mpg,ok,436224,360,288,25.0,3.0,75
brwa5a.mpg,ok,444416,360,288,25.0,3.0,75
brwg6n.mpg,ok,413696,360,288,25.0,3.0,75
brwg7s.mpg,ok,417792,360,288,25.0,3.0,75
brwg8p.mpg,ok,452608,360,288,25.0,3.0,75
brwg9a.mpg,ok,458752,360,288,25.0,3.0,75
brwn1s.mpg,ok,407552,360,288,25.0,3.0,75
brwn2p.mpg,ok,466944,360,288,25.0,3.0,75
brwn3a.mpg,ok,405504,360,288,25.0,3.0,75
brwnzn.mpg,ok,417792,360,288,25.0,3.0,75
brwt4n.mpg,ok,425984,360,288,25.0,3.0,75
brwt5s.mpg,ok,417792,360,288,25.0,3.0,75
brwt6p.mpg,ok,417792,360,288,25.0,3.0,75
brwt7a.mpg,ok,415744,360,288,25.0,3.0,75
bwaa1s.mpg,ok,415744,360,288,25.0,3.0,75
bwaa2p.mpg,ok,442368,360,288,25.0,3.0,75
bwaa3a.mpg,ok,464896,360,288,25.0,3.0,75
bwaazn.mpg,ok,411648,360,288,25.0,3.0,75
bwag4n.mpg,ok,436224,360,288,25.0,3.0,75
bwag5s.mpg,ok,446464,360,288,25.0,3.0,75
bwag6p.mpg,ok,411648,360,288,25.0,3.0,75
bwag7a.mpg,ok,399360,360,288,25.0,3.0,75
bwam8n.mpg,ok,436224,360,288,25.0,3.0,75
bwam9s.mpg,ok,419840,360,288,25.0,3.0,75
bwan1a.mpg,ok,425984,360,288,25.0,3.0,75
bwanzp.mpg,ok,440320,360,288,25.0,3.0,75
bwat2n.mpg,ok,415744,360,288,25.0,3.0,75
bwat3s.mpg,ok,425984,360,288,25.0,3.0,75
bwat4p.mpg,ok,405504,360,288,25.0,3.0,75
bwat5a.mpg,ok,417792,360,288,25.0,3.0,75
bwba4n.mpg,ok,413696,360,288,25.0,3.0,75
bwba5s.mpg,ok,421888,360,288,25.0,3.0,75
bwba6p.mpg,ok,452608,360,288,25.0,3.0,75
bwba7a.mpg,ok,419840,360,288,25.0,3.0,75
bwbg8n.mpg,ok,438272,360,288,25.0,3.0,75
bwbg9s.mpg,ok,415744,360,288,25.0,3.0,75
bwbh1a.mpg,ok,421888,360,288,25.0,3.0,75
bwbhzp.mpg,ok,428032,360,288,25.0,3.0,75
bwbn2n.mpg,ok,411648,360,288,25.0,3.0,75
bwbn3s.mpg,ok,436224,360,288,25.0,3.0,75
bwbn4p.mpg,ok,430080,360,288,25.0,3.0,75
bwbn5a.mpg,ok,487424,360,288,25.0,3.0,75
bwbt6n.mpg,ok,450560,360,288,25.0,3.0,75
bwbt7s.mpg,ok,428032,360,288,25.0,3.0,75
bwbt8p.mpg,ok,430080,360,288,25.0,3.0,75
bwbt9a.mpg,ok,452608,360,288,25.0,3.0,75
bwig1s.mpg,ok,421888,360,288,25.0,3.0,75
bwig2p.mpg,ok,432128,360,288,25.0,3.0,75
bwig3a.mpg,ok,430080,360,288,25.0,3.0,75
bwigzn.mpg,ok,421888,360,288,25.0,3.0,75
bwim4n.mpg,ok,401408,360,288,25.0,3.0,75
bwim5s.mpg,ok,434176,360,288,25.0,3.0,75
bwim6p.mpg,ok,423936,360,288,25.0,3.0,75
bwim7a.mpg,ok,409600,360,288,25.0,3.0,75
bwis8n.mpg,ok,417792,360,288,25.0,3.0,75
bwis9s.mpg,ok,419840,360,288,25.0,3.0,75
bwit1a.mpg,ok,432128,360,288,25.0,3.0,75
bwitzp.mpg,ok,485376,360,288,25.0,3.0,75
bwwa8n.mpg,ok,415744,360,288,25.0,3.0,75
bwwa9s.mpg,ok,434176,360,288,25.0,3.0,75
bwwb1a.mpg,ok,436224,360,288,25.0,3.0,75
bwwbzp.mpg,ok,423936,360,288,25.0,3.0,75
bwwh2n.mpg,ok,419840,360,288,25.0,3.0,75
bwwh3s.mpg,ok,438272,360,288,25.0,3.0,75
bwwh4p.mpg,ok,440320,360,288,25.0,3.0,75
bwwh5a.mpg,ok,452608,360,288,25.0,3.0,75
bwwn6n.mpg,ok,440320,360,288,25.0,3.0,75
bwwn7s.mpg,ok,419840,360,288,25.0,3.0,75
bwwn8p.mpg,ok,409600,360,288,25.0,3.0,75
bwwn9a.mpg,ok,417792,360,288,25.0,3.0,75
bwwu1s.mpg,ok,419840,360,288,25.0,3.0,75
bwwu2p.mpg,ok,434176,360,288,25.0,3.0,75
bwwu3a.mpg,ok,419840,360,288,25.0,3.0,75
bwwuzn.mpg,ok,479232,360,288,25.0,3.0,75
lbad6n.mpg,ok,436224,360,288,25.0,3.0,75
lbad7s.mpg,ok,428032,360,288,25.0,3.0,75
lbad8p.mpg,ok,428032,360,288,25.0,3.0,75
lbad9a.mpg,ok,432128,360,288,25.0,3.0,75
lbak1s.mpg,ok,442368,360,288,25.0,3.0,75
lbak2p.mpg,ok,483328,360,288,25.0,3.0,75
lbak3a.mpg,ok,436224,360,288,25.0,3.0,75
lbakzn.mpg,ok,407552,360,288,25.0,3.0,75
lbaq4n.mpg,ok,403456,360,288,25.0,3.0,75
lbaq5s.mpg,ok,425984,360,288,25.0,3.0,75
lbaq6p.mpg,ok,425984,360,288,25.0,3.0,75
lbaq7a.mpg,ok,438272,360,288,25.0,3.0,75
lbax8n.mpg,ok,432128,360,288,25.0,3.0,75
lbax9s.mpg,ok,421888,360,288,25.0,3.0,75
lbay1a.mpg,ok,475136,360,288,25.0,3.0,75
lbayzp.mpg,ok,446464,360,288,25.0,3.0,75
lbbe1s.mpg,ok,485376,360,288,25.0,3.0,75
lbbe2p.mpg,ok,423936,360,288,25.0,3.0,75
lbbe3a.mpg,ok,425984,360,288,25.0,3.0,75
lbbezn.mpg,ok,421888,360,288,25.0,3.0,75
lbbk4n.mpg,ok,428032,360,288,25.0,3.0,75
lbbk5s.mpg,ok,432128,360,288,25.0,3.0,75
lbbk6p.mpg,ok,419840,360,288,25.0,3.0,75
lbbk7a.mpg,ok,436224,360,288,25.0,3.0,75
lbbq8n.mpg,ok,419840,360,288,25.0,3.0,75
lbbq9s.mpg,ok,438272,360,288,25.0,3.0,75
lbbr1a.mpg,ok,409600,360,288,25.0,3.0,75
lbbrzp.mpg,ok,485376,360,288,25.0,3.0,75
lbby2n.mpg,ok,407552,360,288,25.0,3.0,75
lbby3s.mpg,ok,464896,360,288,25.0,3.0,75
lbby4p.mpg,ok,419840,360,288,25.0,3.0,75
lbby5a.mpg,ok,428032,360,288,25.0,3.0,75
lbid2n.mpg,ok,419840,360,288,25.0,3.0,75
lbid3s.mpg,ok,444416,360,288,25.0,3.0,75
lbid4p.mpg,ok,407552,360,288,25.0,3.0,75
lbid5a.mpg,ok,430080,360,288,25.0,3.0,75
lbij6n.mpg,ok,417792,360,288,25.0,3.0,75
lbij7s.mpg,ok,405504,360,288,25.0,3.0,75
lbij8p.mpg,ok,421888,360,288,25.0,3.0,75
lbij9a.mpg,ok,454656,360,288,25.0,3.0,75
lbiq1s.mpg,ok,411648,360,288,25.0,3.0,75
lbiq2p.mpg,ok,407552,360,288,25.0,3.0,75
lbiq3a.mpg,ok,487424,360,288,25.0,3.0,75
lbiqzn.mpg,ok,432128,360,288,25.0,3.0,75
lbix4n.mpg,ok,442368,360,288,25.0,3.0,75
lbix5s.mpg,ok,444416,360,288,25.0,3.0,75
lbix6p.mpg,ok,405504,360,288,25.0,3.0,75
lbix7a.mpg,ok,454656,360,288,25.0,3.0,75
lbwe4n.mpg,ok,432128,360,288,25.0,3.0,75
lbwe5s.mpg,ok,409600,360,288,25.0,3.0,75
lbwe6p.mpg,ok,430080,360,288,25.0,3.0,75
lbwe7a.mpg,ok,438272,360,288,25.0,3.0,75
lbwk8n.mpg,ok,423936,360,288,25.0,3.0,75
lbwk9s.mpg,ok,423936,360,288,25.0,3.0,75
lbwl1a.mpg,ok,407552,360,288,25.0,3.0,75
lbwlzp.mpg,ok,452608,360,288,25.0,3.0,75
lbwr2n.mpg,ok,425984,360,288,25.0,3.0,75
lbwr3s.mpg,ok,458752,360,288,25.0,3.0,75
lbwr4p.mpg,ok,417792,360,288,25.0,3.0,75
lbwr5a.mpg,ok,425984,360,288,25.0,3.0,75
lbwy6n.mpg,ok,430080,360,288,25.0,3.0,75
lbwy7s.mpg,ok,438272,360,288,25.0,3.0,75
lbwy8p.mpg,ok,468992,360,288,25.0,3.0,75
lbwy9a.mpg,ok,417792,360,288,25.0,3.0,75
lgaf4n.mpg,ok,415744,360,288,25.0,3.0,75
lgaf5s.mpg,ok,440320,360,288,25.0,3.0,75
lgaf6p.mpg,ok,415744,360,288,25.0,3.0,75
lgaf7a.mpg,ok,456704,360,288,25.0,3.0,75
lgal8n.mpg,ok,419840,360,288,25.0,3.0,75
lgal9s.mpg,ok,428032,360,288,25.0,3.0,75
lgam1a.mpg,ok,411648,360,288,25.0,3.0,75
lgamzp.mpg,ok,432128,360,288,25.0,3.0,75
lgas2n.mpg,ok,440320,360,288,25.0,3.0,75
lgas3s.mpg,ok,423936,360,288,25.0,3.0,75
lgas4p.mpg,ok,440320,360,288,25.0,3.0,75
lgas5a.mpg,ok,452608,360,288,25.0,3.0,75
lgaz6n.mpg,ok,419840,360,288,25.0,3.0,75
lgaz7s.mpg,ok,407552,360,288,25.0,3.0,75
lgaz8p.mpg,ok,419840,360,288,25.0,3.0,75
lgaz9a.mpg,ok,440320,360,288,25.0,3.0,75
lgbf8n.mpg,ok,444416,360,288,25.0,3.0,75
lgbf9s.mpg,ok,438272,360,288,25.0,3.0,75
lgbg1a.mpg,ok,440320,360,288,25.0,3.0,75
lgbgzp.mpg,ok,487424,360,288,25.0,3.0,75
lgbm2n.mpg,ok,417792,360,288,25.0,3.0,75
lgbm3s.mpg,ok,421888,360,288,25.0,3.0,75
lgbm4p.mpg,ok,436224,360,288,25.0,3.0,75
lgbm5a.mpg,ok,485376,360,288,25.0,3.0,75
lgbs6n.mpg,ok,407552,360,288,25.0,3.0,75
lgbs7s.mpg,ok,436224,360,288,25.0,3.0,75
lgbs8p.mpg,ok,417792,360,288,25.0,3.0,75
lgbs9a.mpg,ok,428032,360,288,25.0,3.0,75
lgif1s.mpg,ok,442368,360,288,25.0,3.0,75
lgif2p.mpg,ok,434176,360,288,25.0,3.0,75
lgif3a.mpg,ok,423936,360,288,25.0,3.0,75
lgifzn.mpg,ok,432128,360,288,25.0,3.0,75
lgil4n.mpg,ok,417792,360,288,25.0,3.0,75
lgil5s.mpg,ok,448512,360,288,25.0,3.0,75
lgil6p.mpg,ok,421888,360,288,25.0,3.0,75
lgil7a.mpg,ok,417792,360,288,25.0,3.0,75
lgir8n.mpg,ok,423936,360,288,25.0,3.0,75
lgir9s.mpg,ok,423936,360,288,25.0,3.0,75
lgis1a.mpg,ok,419840,360,288,25.0,3.0,75
lgiszp.mpg,ok,428032,360,288,25.0,3.0,75
lgiz2n.mpg,ok,456704,360,288,25.0,3.0,75
lgiz3s.mpg,ok,436224,360,288,25.0,3.0,75
lgiz4p.mpg,ok,409600,360,288,25.0,3.0,75
lgiz5a.mpg,ok,425984,360,288,25.0,3.0,75
lgwa1a.mpg,ok,432128,360,288,25.0,3.0,75
lgwazp.mpg,ok,460800,360,288,25.0,3.0,75
lgwg2n.mpg,ok,413696,360,288,25.0,3.0,75
lgwg3s.mpg,ok,423936,360,288,25.0,3.0,75
lgwg4p.mpg,ok,452608,360,288,25.0,3.0,75
lgwg5a.mpg,ok,425984,360,288,25.0,3.0,75
lgwm6n.mpg,ok,419840,360,288,25.0,3.0,75
lgwm7s.mpg,ok,436224,360,288,25.0,3.0,75
lgwm8p.mpg,ok,432128,360,288,25.0,3.0,75
lgwm9a.mpg,ok,419840,360,288,25.0,3.0,75
lgwt1s.mpg,ok,405504,360,288,25.0,3.0,75
lgwt2p.mpg,ok,428032,360,288,25.0,3.0,75
lgwt3a.mpg,ok,405504,360,288,25.0,3.0,75
lgwtzn.mpg,ok,405504,360,288,25.0,3.0,75
lrae2n.mpg,ok,415744,360,288,25.0,3.0,75
lrae3s.mpg,ok,419840,360,288,25.0,2.96,74
lrae4p.mpg,ok,428032,360,288,25.0,3.0,75
lrae5a.mpg,ok,419840,360,288,25.0,3.0,75
lrak6n.mpg,ok,436224,360,288,25.0,3.0,75
lrak7s.mpg,ok,440320,360,288,25.0,3.0,75
lrak8p.mpg,ok,413696,360,288,25.0,3.0,75
lrak9a.mpg,ok,409600,360,288,25.0,3.0,75
lrar1s.mpg,ok,423936,360,288,25.0,3.0,75
lrar2p.mpg,ok,401408,360,288,25.0,3.0,75
lrar3a.mpg,ok,415744,360,288,25.0,3.0,75
lrarzn.mpg,ok,448512,360,288,25.0,3.0,75
lray4n.mpg,ok,452608,360,288,25.0,3.0,75
lray5s.mpg,ok,411648,360,288,25.0,3.0,75
lray6p.mpg,ok,485376,360,288,25.0,3.0,75
lray7a.mpg,ok,483328,360,288,25.0,3.0,75
lrbe6n.mpg,ok,436224,360,288,25.0,3.0,75
lrbe7s.mpg,ok,436224,360,288,25.0,3.0,75
lrbe8p.mpg,ok,485376,360,288,25.0,3.0,75
lrbe9a.mpg,ok,413696,360,288,25.0,3.0,75
lrbl1s.mpg,ok,413696,360,288,25.0,3.0,75
lrbl2p.mpg,ok,440320,360,288,25.0,3.0,75
lrbl3a.mpg,ok,411648,360,288,25.0,3.0,75
lrblzn.mpg,ok,430080,360,288,25.0,3.0,75
lrbr4n.mpg,ok,428032,360,288,25.0,3.0,75
lrbr5s.mpg,ok,421888,360,288,25.0,3.0,75
lrbr6p.mpg,ok,413696,360,288,25.0,3.0,75
lrbr7a.mpg,ok,425984,360,288,25.0,3.0,75
lrby8n.mpg,ok,407552,360,288,25.0,3.0,75
lrby9s.mpg,ok,430080,360,288,25.0,3.0,75
lrbz1a.mpg,ok,440320,360,288,25.0,3.0,75
lrbzzp.mpg,ok,458752,360,288,25.0,3.0,75
lrid8n.mpg,ok,444416,360,288,25.0,3.0,75
lrid9s.mpg,ok,401408,360,288,25.0,3.0,75
lrie1a.mpg,ok,428032,360,288,25.0,3.0,75
lriezp.mpg,ok,421888,360,288,25.0,3.0,75
lrik2n.mpg,ok,425984,360,288,25.0,3.0,75
lrik3s.mpg,ok,405504,360,288,25.0,3.0,75
lrik4p.mpg,ok,405504,360,288,25.0,3.0,75
lrik5a.mpg,ok,430080,360,288,25.0,3.0,75
lriq6n.mpg,ok,423936,360,288,25.0,3.0,75
lriq7s.mpg,ok,471040,360,288,25.0,3.0,75
lriq8p.mpg,ok,415744,360,288,25.0,3.0,75
lriq9a.mpg,ok,442368,360,288,25.0,3.0,75
lriy1s.mpg,ok,462848,360,288,25.0,3.0,75
lriy2p.mpg,ok,421888,360,288,25.0,3.0,75
lriy3a.mpg,ok,446464,360,288,25.0,3.0,75
lriyzn.mpg,ok,405504,360,288,25.0,3.0,75
lrwf1s.mpg,ok,411648,360,288,25.0,3.0,75
lrwf2p.mpg,ok,415744,360,288,25.0,3.0,75
lrwf3a.mpg,ok,401408,360,288,25.0,3.0,75
lrwfzn.mpg,ok,460800,360,288,25.0,3.0,75
lrwl4n.mpg,ok,436224,360,288,25.0,3.0,75
lrwl5s.mpg,ok,440320,360,288,25.0,3.0,75
lrwl6p.mpg,ok,432128,360,288,25.0,3.0,75
lrwl7a.mpg,ok,425984,360,288,25.0,3.0,75
lrwr8n.mpg,ok,405504,360,288,25.0,3.0,75
lrwr9s.mpg,ok,434176,360,288,25.0,3.0,75
lrws1a.mpg,ok,434176,360,288,25.0,3.0,75
lrwszp.mpg,ok,425984,360,288,25.0,3.0,75
lrwz2n.mpg,ok,411648,360,288,25.0,3.0,75
lrwz3s.mpg,ok,468992,360,288,25.0,3.0,75
lrwz4p.mpg,ok,432128,360,288,25.0,3.0,75
lrwz5a.mpg,ok,464896,360,288,25.0,3.0,75
lwae8n.mpg,ok,411648,360,288,25.0,3.0,75
lwae9s.mpg,ok,479232,360,288,25.0,3.0,75
lwaf1a.mpg,ok,432128,360,288,25.0,3.0,75
lwafzp.mpg,ok,458752,360,288,25.0,3.0,75
lwal2n.mpg,ok,444416,360,288,25.0,3.0,75
lwal3s.mpg,ok,421888,360,288,25.0,3.0,75
lwal4p.mpg,ok,413696,360,288,25.0,3.0,75
lwal5a.mpg,ok,464896,360,288,25.0,3.0,75
lwar6n.mpg,ok,419840,360,288,25.0,3.0,75
lwar7s.mpg,ok,464896,360,288,25.0,3.0,75
lwar8p.mpg,ok,423936,360,288,25.0,3.0,75
lwar9a.mpg,ok,413696,360,288,25.0,3.0,75
lwaz1s.mpg,ok,421888,360,288,25.0,3.0,75
lwaz2p.mpg,ok,452608,360,288,25.0,3.0,75
lwaz3a.mpg,ok,401408,360,288,25.0,3.0,75
lwazzn.mpg,ok,421888,360,288,25.0,3.0,75
lwbf2n.mpg,ok,421888,360,288,25.0,3.0,75
lwbf3s.mpg,ok,450560,360,288,25.0,3.0,75
lwbf4p.mpg,ok,432128,360,288,25.0,3.0,75
lwbf5a.mpg,ok,487424,360,288,25.0,3.0,75
lwbl6n.mpg,ok,434176,360,288,25.0,3.0,75
lwbl7s.mpg,ok,419840,360,288,25.0,3.0,75
lwbl8p.mpg,ok,425984,360,288,25.0,3.0,75
lwbl9a.mpg,ok,411648,360,288,25.0,3.0,75
lwbs1s.mpg,ok,436224,360,288,25.0,3.0,75
lwbs2p.mpg,ok,423936,360,288,25.0,3.0,75
lwbs3a.mpg,ok,409600,360,288,25.0,3.0,75
lwbszn.mpg,ok,428032,360,288,25.0,3.0,75
lwbz4n.mpg,ok,417792,360,288,25.0,3.0,75
lwbz5s.mpg,ok,436224,360,288,25.0,3.0,75
lwbz6p.mpg,ok,436224,360,288,25.0,3.0,75
lwbz7a.mpg,ok,428032,360,288,25.0,3.0,75
lwie4n.mpg,ok,434176,360,288,25.0,3.0,75
lwie5s.mpg,ok,425984,360,288,25.0,3.0,75
lwie6p.mpg,ok,425984,360,288,25.0,3.0,75
lwie7a.mpg,ok,450560,360,288,25.0,3.0,75
lwik8n.mpg,ok,419840,360,288,25.0,3.0,75
lwik9s.mpg,ok,415744,360,288,25.0,3.0,75
lwil1a.mpg,ok,417792,360,288,25.0,3.0,75
lwilzp.mpg,ok,415744,360,288,25.0,3.0,75
lwir2n.mpg,ok,430080,360,288,25.0,3.0,75
lwir3s.mpg,ok,430080,360,288,25.0,3.0,75
lwir4p.mpg,ok,423936,360,288,25.0,3.0,75
lwir5a.mpg,ok,401408,360,288,25.0,3.0,75
lwiy6n.mpg,ok,421888,360,288,25.0,3.0,75
lwiy7s.mpg,ok,485376,360,288,25.0,3.0,75
lwiy8p.mpg,ok,425984,360,288,25.0,3.0,75
lwiy9a.mpg,ok,405504,360,288,25.0,3.0,75
lwwf6n.mpg,ok,421888,360,288,25.0,3.0,75
lwwf7s.mpg,ok,432128,360,288,25.0,3.0,75
lwwf8p.mpg,ok,432128,360,288,25.0,3.0,75
lwwf9a.mpg,ok,444416,360,288,25.0,3.0,75
lwwm1s.mpg,ok,436224,360,288,25.0,3.0,75
lwwm2p.mpg,ok,421888,360,288,25.0,3.0,75
lwwm3a.mpg,ok,417792,360,288,25.0,3.0,75
lwwmzn.mpg,ok,421888,360,288,25.0,3.0,75
lwws4n.mpg,ok,405504,360,288,25.0,3.0,75
lwws5s.mpg,ok,428032,360,288,25.0,3.0,75
lwws6p.mpg,ok,425984,360,288,25.0,3.0,75
lwws7a.mpg,ok,417792,360,288,25.0,3.0,75
lwwz8n.mpg,ok,471040,360,288,25.0,3.0,75
lwwz9s.mpg,ok,458752,360,288,25.0,3.0,75
pbac1s.mpg,ok,423936,360,288,25.0,3.0,75
pbac2p.mpg,ok,468992,360,288,25.0,3.0,75
pbac3a.mpg,ok,415744,360,288,25.0,3.0,75
pbaczn.mpg,ok,407552,360,288,25.0,3.0,75
pbai4n.mpg,ok,425984,360,288,25.0,3.0,75
pbai5s.mpg,ok,456704,360,288,25.0,3.0,75
pbai6p.mpg,ok,423936,360,288,25.0,3.0,75
pbai7a.mpg,ok,409600,360,288,25.0,3.0,75
pbao8n.mpg,ok,434176,360,288,25.0,3.0,75
pbao9s.mpg,ok,413696,360,288,25.0,3.0,75
pbap1a.mpg,ok,423936,360,288,25.0,3.0,75
pbapzp.mpg,ok,409600,360,288,25.0,3.0,75
pbav2n.mpg,ok,423936,360,288,25.0,3.0,75
pbav3s.mpg,ok,446464,360,288,25.0,3.0,75
pbav4p.mpg,ok,430080,360,288,25.0,3.0,75
pbav5a.mpg,ok,438272,360,288,25.0,3.0,75
pbbc4n.mpg,ok,425984,360,288,25.0,3.0,75
pbbc5s.mpg,ok,438272,360,288,25.0,3.0,75
pbbc6p.mpg,ok,411648,360,288,25.0,3.0,75
pbbc7a.mpg,ok,487424,360,288,25.0,3.0,75
pbbi8n.mpg,ok,419840,360,288,25.0,3.0,75
pbbi9s.mpg,ok,428032,360,288,25.0,3.0,75
pbbj1a.mpg,ok,417792,360,288,25.0,3.0,75
pbbjzp.mpg,ok,421888,360,288,25.0,3.0,75
pbbp2n.mpg,ok,485376,360,288,25.0,3.0,75
pbbp3s.mpg,ok,421888,360,288,25.0,3.0,75
pbbp4p.mpg,ok,417792,360,288,25.0,3.0,75
pbbp5a.mpg,ok,430080,360,288,25.0,3.0,75
pbbv6n.mpg,ok,485376,360,288,25.0,3.0,75
pbbv7s.mpg,ok,423936,360,288,25.0,3.0,75
pbbv8p.mpg,ok,428032,360,288,25.0,3.0,75
pbbv9a.mpg,ok,415744,360,288,25.0,3.0,75
pbib6n.mpg,ok,444416,360,288,25.0,3.0,75
pbib7s.mpg,ok,425984,360,288,25.0,3.0,75
pbib8p.mpg,ok,425984,360,288,25.0,3.0,75
pbib9a.mpg,ok,464896,360,288,25.0,3.0,75
pbii1s.mpg,ok,430080,360,288,25.0,3.0,75
pbii2p.mpg,ok,409600,360,288,25.0,3.0,75
pbii3a.mpg,ok,452608,360,288,25.0,3.0,75
pbiizn.mpg,ok,413696,360,288,25.0,3.0,75
pbio4n.mpg,ok,417792,360,288,25.0,3.0,75
pbio5s.mpg,ok,428032,360,288,25.0,3.0,75
pbio6p.mpg,ok,409600,360,288,25.0,3.0,75
pbio7a.mpg,ok,456704,360,288,25.0,3.0,75
pbiu8n.mpg,ok,419840,360,288,25.0,3.0,75
pbiu9s.mpg,ok,446464,360,288,25.0,3.0,75
pbiv1a.mpg,ok,425984,360,288,25.0,3.0,75
pbivzp.mpg,ok,438272,360,288,25.0,3.0,75
pbwc8n.mpg,ok,434176,360,288,25.0,3.0,75
pbwc9s.mpg,ok,444416,360,288,25.0,3.0,75
pbwd1a.mpg,ok,430080,360,288,25.0,3.0,75
pbwdzp.mpg,ok,477184,360,288,25.0,3.0,75
pbwj2n.mpg,ok,450560,360,288,25.0,3.0,75
pbwj3s.mpg,ok,448512,360,288,25.0,3.0,75
pbwj4p.mpg,ok,419840,360,288,25.0,3.0,75
pbwj5a.mpg,ok,436224,360,288,25.0,3.0,75
pbwp6n.mpg,ok,460800,360,288,25.0,3.0,75
pbwp7s.mpg,ok,407552,360,288,25.0,3.0,75
pbwp8p.mpg,ok,417792,360,288,25.0,3.0,75
pbwp9a.mpg,ok,419840,360,288,25.0,3.0,75
pbwx1s.mpg,ok,434176,360,288,25.0,3.0,75
pbwx2p.mpg,ok,438272,360,288,25.0,3.0,75
pbwx3a.mpg,ok,454656,360,288,25.0,3.0,75
pbwxzn.mpg,ok,423936,360,288,25.0,3.0,75
pgad8n.mpg,ok,417792,360,288,25.0,3.0,75
pgad9s.mpg,ok,401408,360,288,25.0,3.0,75
pgae1a.mpg,ok,450560,360,288,25.0,3.0,75
pgaezp.mpg,ok,421888,360,288,25.0,3.0,75
pgak2n.mpg,ok,452608,360,288,25.0,3.0,75
pgak3s.mpg,ok,421888,360,288,25.0,3.0,75
pgak4p.mpg,ok,421888,360,288,25.0,3.0,75
pgak5a.mpg,ok,432128,360,288,25.0,3.0,75
pgaq6n.mpg,ok,415744,360,288,25.0,3.0,75
pgaq7s.mpg,ok,428032,360,288,25.0,3.0,75
pgaq8p.mpg,ok,428032,360,288,25.0,3.0,75
pgaq9a.mpg,ok,440320,360,288,25.0,3.0,75
pgay1s.mpg,ok,425984,360,288,25.0,3.0,75
pgay2p.mpg,ok,436224,360,288,25.0,3.0,75
pgay3a.mpg,ok,407552,360,288,25.0,3.0,75
pgayzn.mpg,ok,432128,360,288,25.0,3.0,75
pgbe2n.mpg,ok,448512,360,288,25.0,3.0,75
pgbe3s.mpg,ok,446464,360,288,25.0,3.0,75
pgbe4p.mpg,ok,477184,360,288,25.0,3.0,75
pgbe5a.mpg,ok,489472,360,288,25.0,3.0,75
pgbk6n.mpg,ok,421888,360,288,25.0,3.0,75
pgbk7s.mpg,ok,432128,360,288,25.0,3.0,75
pgbk8p.mpg,ok,417792,360,288,25.0,3.0,75
pgbk9a.mpg,ok,428032,360,288,25.0,3.0,75
pgbr1s.mpg,ok,432128,360,288,25.0,3.0,75
pgbr2p.mpg,ok,428032,360,288,25.0,3.0,75
pgbr3a.mpg,ok,454656,360,288,25.0,3.0,75
pgbrzn.mpg,ok,487424,360,288,25.0,3.0,75
pgby4n.mpg,ok,436224,360,288,25.0,3.0,75
pgby5s.mpg,ok,434176,360,288,25.0,3.0,75
pgby6p.mpg,ok,423936,360,288,25.0,3.0,75
pgby7a.mpg,ok,485376,360,288,25.0,3.0,75
pgid4n.mpg,ok,432128,360,288,25.0,3.0,75
pgid5s.mpg,ok,409600,360,288,25.0,3.0,75
pgid6p.mpg,ok,409600,360,288,25.0,3.0,75
pgid7a.mpg,ok,438272,360,288,25.0,3.0,75
pgij8n.mpg,ok,468992,360,288,25.0,3.0,75
pgij9s.mpg,ok,430080,360,288,25.0,3.0,75
pgik1a.mpg,ok,419840,360,288,25.0,3.0,75
pgikzp.mpg,ok,487424,360,288,25.0,3.0,75
pgiq2n.mpg,ok,444416,360,288,25.0,3.0,75
pgiq3s.mpg,ok,409600,360,288,25.0,3.0,75
pgiq4p.mpg,ok,466944,360,288,25.0,3.0,75
pgiq5a.mpg,ok,409600,360,288,25.0,3.0,75
pgix6n.mpg,ok,436224,360,288,25.0,3.0,75
pgix7s.mpg,ok,438272,360,288,25.0,3.0,75
pgix8p.mpg,ok,450560,360,288,25.0,3.0,75
pgix9a.mpg,ok,487424,360,288,25.0,3.0,75
pgwe6n.mpg,ok,411648,360,288,25.0,3.0,75
pgwe7s.mpg,ok,430080,360,288,25.0,3.0,75
pgwe8p.mpg,ok,462848,360,288,25.0,3.0,75
pgwe9a.mpg,ok,452608,360,288,25.0,3.0,75
pgwl1s.mpg,ok,419840,360,288,25.0,3.0,75
pgwl2p.mpg,ok,438272,360,288,25.0,3.0,75
pgwl3a.mpg,ok,460800,360,288,25.0,3.0,75
pgwlzn.mpg,ok,450560,360,288,25.0,3.0,75
pgwr4n.mpg,ok,415744,360,288,25.0,3.0,75
pgwr5s.mpg,ok,411648,360,288,25.0,3.0,75
pgwr6p.mpg,ok,419840,360,288,25.0,3.0,75
pgwr7a.mpg,ok,413696,360,288,25.0,3.0,75
pgwy8n.mpg,ok,411648,360,288,25.0,3.0,75
pgwy9s.mpg,ok,446464,360,288,25.0,3.0,75
pgwz1a.mpg,ok,436224,360,288,25.0,3.0,75
pgwzzp.mpg,ok,417792,360,288,25.0,3.0,75
prac6n.mpg,ok,423936,360,288,25.0,3.0,75
prac7s.mpg,ok,442368,360,288,25.0,3.0,75
prac8p.mpg,ok,409600,360,288,25.0,3.0,75
prac9a.mpg,ok,417792,360,288,25.0,3.0,75
praj1s.mpg,ok,450560,360,288,25.0,3.0,75
praj2p.mpg,ok,432128,360,288,25.0,3.0,75
praj3a.mpg,ok,423936,360,288,25.0,3.0,75
prajzn.mpg,ok,442368,360,288,25.0,3.0,75
prap4n.mpg,ok,409600,360,288,25.0,3.0,75
prap5s.mpg,ok,428032,360,288,25.0,3.0,75
prap6p.mpg,ok,425984,360,288,25.0,3.0,75
prap7a.mpg,ok,405504,360,288,25.0,3.0,75
prav8n.mpg,ok,421888,360,288,25.0,3.0,75
prav9s.mpg,ok,413696,360,288,25.0,3.0,75
prax1a.mpg,ok,409600,360,288,25.0,3.0,75
praxzp.mpg,ok,468992,360,288,25.0,3.0,75
prbd1s.mpg,ok,432128,360,288,25.0,3.0,75
prbd2p.mpg,ok,423936,360,288,25.0,3.0,75
prbd3a.mpg,ok,407552,360,288,25.0,3.0,75
prbdzn.mpg,ok,428032,360,288,25.0,3.0,75
prbj4n.mpg,ok,419840,360,288,25.0,3.0,75
prbj5s.mpg,ok,417792,360,288,25.0,3.0,75
prbj6p.mpg,ok,409600,360,288,25.0,3.0,75
prbj7a.mpg,ok,438272,360,288,25.0,3.0,75
prbp8n.mpg,ok,407552,360,288,25.0,3.0,75
prbp9s.mpg,ok,419840,360,288,25.0,3.0,75
prbq1a.mpg,ok,421888,360,288,25.0,3.0,75
prbqzp.mpg,ok,432128,360,288,25.0,3.0,75
prbx2n.mpg,ok,428032,360,288,25.0,3.0,75
prbx3s.mpg,ok,434176,360,288,25.0,3.0,75
prbx4p.mpg,ok,415744,360,288,25.0,3.0,75
prbx5a.mpg,ok,423936,360,288,25.0,3.0,75
pric2n.mpg,ok,401408,360,288,25.0,3.0,75
pric3s.mpg,ok,428032,360,288,25.0,3.0,75
pric4p.mpg,ok,419840,360,288,25.0,3.0,75
pric5a.mpg,ok,436224,360,288,25.0,3.0,75
prii6n.mpg,ok,417792,360,288,25.0,3.0,75
prii7s.mpg,ok,432128,360,288,25.0,3.0,75
prii8p.mpg,ok,473088,360,288,25.0,3.0,75
prii9a.mpg,ok,468992,360,288,25.0,3.0,75
prip1s.mpg,ok,409600,360,288,25.0,3.0,75
prip2p.mpg,ok,413696,360,288,25.0,3.0,75
prip3a.mpg,ok,415744,360,288,25.0,3.0,75
pripzn.mpg,ok,411648,360,288,25.0,3.0,75
priv4n.mpg,ok,411648,360,288,25.0,3.0,75
priv5s.mpg,ok,421888,360,288,25.0,3.0,75
priv6p.mpg,ok,432128,360,288,25.0,3.0,75
priv7a.mpg,ok,438272,360,288,25.0,3.0,75
prwd4n.mpg,ok,421888,360,288,25.0,3.0,75
prwd5s.mpg,ok,456704,360,288,25.0,3.0,75
prwd6p.mpg,ok,460800,360,288,25.0,3.0,75
prwd7a.mpg,ok,436224,360,288,25.0,3.0,75
prwj8n.mpg,ok,423936,360,288,25.0,3.0,75
prwj9s.mpg,ok,409600,360,288,25.0,3.0,75
prwk1a.mpg,ok,409600,360,288,25.0,3.0,75
prwkzp.mpg,ok,436224,360,288,25.0,3.0,75
prwq2n.mpg,ok,417792,360,288,25.0,3.0,75
prwq3s.mpg,ok,436224,360,288,25.0,3.0,75
prwq4p.mpg,ok,425984,360,288,25.0,3.0,75
prwq5a.mpg,ok,454656,360,288,25.0,3.0,75
prwx6n.mpg,ok,436224,360,288,25.0,3.0,75
prwx7s.mpg,ok,438272,360,288,25.0,3.0,75
prwx8p.mpg,ok,450560,360,288,25.0,3.0,75
prwx9a.mpg,ok,487424,360,288,25.0,3.0,75
pwad2n.mpg,ok,409600,360,288,25.0,3.0,75
pwad3s.mpg,ok,407552,360,288,25.0,3.0,75
pwad4p.mpg,ok,425984,360,288,25.0,3.0,75
pwad5a.mpg,ok,419840,360,288,25.0,3.0,75
pwaj6n.mpg,ok,448512,360,288,25.0,3.0,75
pwaj7s.mpg,ok,442368,360,288,25.0,3.0,75
pwaj8p.mpg,ok,421888,360,288,25.0,3.0,75
pwaj9a.mpg,ok,446464,360,288,25.0,3.0,75
pwaq1s.mpg,ok,425984,360,288,25.0,3.0,75
pwaq2p.mpg,ok,405504,360,288,25.0,3.0,75
pwaq3a.mpg,ok,415744,360,288,25.0,3.0,75
pwaqzn.mpg,ok,434176,360,288,25.0,3.0,75
pwax4n.mpg,ok,425984,360,288,25.0,3.0,75
pwax5s.mpg,ok,436224,360,288,25.0,3.0,75
pwax6p.mpg,ok,430080,360,288,25.0,3.0,75
pwax7a.mpg,ok,419840,360,288,25.0,3.0,75
pwbd6n.mpg,ok,423936,360,288,25.0,3.0,75
pwbd7s.mpg,ok,434176,360,288,25.0,3.0,75
pwbd8p.mpg,ok,413696,360,288,25.0,3.0,75
pwbd9a.mpg,ok,407552,360,288,25.0,3.0,75
pwbk1s.mpg,ok,466944,360,288,25.0,3.0,75
pwbk2p.mpg,ok,436224,360,288,25.0,3.0,75
pwbk3a.mpg,ok,423936,360,288,25.0,3.0,75
pwbkzn.mpg,ok,434176,360,288,25.0,3.0,75
pwbq4n.mpg,ok,485376,360,288,25.0,3.0,75
pwbq5s.mpg,ok,446464,360,288,25.0,3.0,75
pwbq6p.mpg,ok,432128,360,288,25.0,3.0,75
pwbq7a.mpg,ok,421888,360,288,25.0,3.0,75
pwbx8n.mpg,ok,415744,360,288,25.0,3.0,75
pwbx9s.mpg,ok,417792,360,288,25.0,3.0,75
pwby1a.mpg,ok,448512,360,288,25.0,3.0,75
pwbyzp.mpg,ok,425984,360,288,25.0,3.0,75
pwic8n.mpg,ok,450560,360,288,25.0,3.0,75
pwic9s.mpg,ok,468992,360,288,25.0,3.0,75
pwid1a.mpg,ok,409600,360,288,25.0,3.0,75
pwidzp.mpg,ok,444416,360,288,25.0,3.0,75
pwij2n.mpg,ok,413696,360,288,25.0,3.0,75
pwij3s.mpg,ok,419840,360,288,25.0,3.0,75
pwij4p.mpg,ok,409600,360,288,25.0,3.0,75
pwij5a.mpg,ok,423936,360,288,25.0,3.0,75
pwip6n.mpg,ok,415744,360,288,25.0,3.0,75
pwip7s.mpg,ok,477184,360,288,25.0,3.0,75
pwip8p.mpg,ok,458752,360,288,25.0,3.0,75
pwip9a.mpg,ok,440320,360,288,25.0,3.0,75
pwix1s.mpg,ok,442368,360,288,25.0,3.0,75
pwix2p.mpg,ok,428032,360,288,25.0,3.0,75
pwix3a.mpg,ok,419840,360,288,25.0,3.0,75
pwixzn.mpg,ok,450560,360,288,25.0,3.0,75
pwwe1s.mpg,ok,440320,360,288,25.0,3.0,75
pwwe2p.mpg,ok,421888,360,288,25.0,3.0,75
pwwe3a.mpg,ok,452608,360,288,25.0,3.0,75
pwwezn.mpg,ok,413696,360,288,25.0,3.0,75
pwwk4n.mpg,ok,409600,360,288,25.0,3.0,75
pwwk5s.mpg,ok,430080,360,288,25.0,3.0,75
pwwk6p.mpg,ok,425984,360,288,25.0,3.0,75
pwwk7a.mpg,ok,423936,360,288,25.0,3.0,75
pwwq8n.mpg,ok,419840,360,288,25.0,3.0,75
pwwq9s.mpg,ok,430080,360,288,25.0,3.0,75
pwwr1a.mpg,ok,428032,360,288,25.0,3.0,75
pwwrzp.mpg,ok,434176,360,288,25.0,3.0,75
pwwy2n.mpg,ok,419840,360,288,25.0,3.0,75
pwwy3s.mpg,ok,436224,360,288,25.0,3.0,75
pwwy4p.mpg,ok,438272,360,288,25.0,3.0,75
pwwy5a.mpg,ok,432128,360,288,25.0,3.0,75
sbaa4n.mpg,ok,446464,360,288,25.0,3.0,75
sbaa5s.mpg,ok,434176,360,288,25.0,3.0,75
sbaa6p.mpg,ok,477184,360,288,25.0,3.0,75
sbaa7a.mpg,ok,448512,360,288,25.0,3.0,75
sbag8n.mpg,ok,485376,360,288,25.0,3.0,75
sbag9s.mpg,ok,417792,360,288,25.0,3.0,75
sbah1a.mpg,ok,419840,360,288,25.0,3.0,75
sbahzp.mpg,ok,419840,360,288,25.0,3.0,75
sban2n.mpg,ok,419840,360,288,25.0,3.0,75
sban3s.mpg,ok,440320,360,288,25.0,3.0,75
sban4p.mpg,ok,415744,360,288,25.0,3.0,75
sban5a.mpg,ok,446464,360,288,25.0,3.0,75
sbat6n.mpg,ok,434176,360,288,25.0,3.0,75
sbat7s.mpg,ok,417792,360,288,25.0,3.0,75
sbat8p.mpg,ok,428032,360,288,25.0,3.0,75
sbat9a.mpg,ok,454656,360,288,25.0,3.0,75
sbba8n.mpg,ok,434176,360,288,25.0,3.0,75
sbba9s.mpg,ok,428032,360,288,25.0,3.0,75
sbbb1a.mpg,ok,438272,360,288,25.0,3.0,75
sbbbzp.mpg,ok,440320,360,288,25.0,2.96,74
sbbh2n.mpg,ok,425984,360,288,25.0,3.0,75
sbbh3s.mpg,ok,413696,360,288,25.0,3.0,75
sbbh4p.mpg,ok,440320,360,288,25.0,3.0,75
sbbh5a.mpg,ok,428032,360,288,25.0,3.0,75
sbbn6n.mpg,ok,450560,360,288,25.0,3.0,75
sbbn7s.mpg,ok,425984,360,288,25.0,3.0,75
sbbn8p.mpg,ok,430080,360,288,25.0,3.0,75
sbbn9a.mpg,ok,475136,360,288,25.0,3.0,75
sbbu1s.mpg,ok,425984,360,288,25.0,3.0,75
sbbu2p.mpg,ok,432128,360,288,25.0,3.0,75
sbbu3a.mpg,ok,434176,360,288,25.0,3.0,75
sbbuzn.mpg,ok,434176,360,288,25.0,3.0,75
sbia1s.mpg,ok,423936,360,288,25.0,3.0,75
sbia2p.mpg,ok,411648,360,288,25.0,3.0,75
sbia3a.mpg,ok,477184,360,288,25.0,3.0,75
sbiazn.mpg,ok,432128,360,288,25.0,3.0,75
sbig4n.mpg,ok,428032,360,288,25.0,3.0,75
sbig5s.mpg,ok,432128,360,288,25.0,3.0,75
sbig6p.mpg,ok,419840,360,288,25.0,3.0,75
sbig7a.mpg,ok,413696,360,288,25.0,3.0,75
sbim8n.mpg,ok,475136,360,288,25.0,3.0,75
sbim9s.mpg,ok,415744,360,288,25.0,3.0,75
sbin1a.mpg,ok,438272,360,288,25.0,3.0,75
sbinzp.mpg,ok,436224,360,288,25.0,3.0,75
sbit2n.mpg,ok,411648,360,288,25.0,3.0,75
sbit3s.mpg,ok,409600,360,288,25.0,3.0,75
sbit4p.mpg,ok,432128,360,288,25.0,3.0,75
sbit5a.mpg,ok,417792,360,288,25.0,3.0,75
sbwb2n.mpg,ok,436224,360,288,25.0,3.0,75
sbwb3s.mpg,ok,454656,360,288,25.0,3.0,75
sbwb4p.mpg,ok,417792,360,288,25.0,3.0,75
sbwb5a.mpg,ok,428032,360,288,25.0,3.0,75
sbwh6n.mpg,ok,421888,360,288,25.0,3.0,75
sbwh7s.mpg,ok,421888,360,288,25.0,3.0,75
sbwh8p.mpg,ok,436224,360,288,25.0,3.0,75
sbwh9a.mpg,ok,440320,360,288,25.0,3.0,75
sbwo1s.mpg,ok,462848,360,288,25.0,3.0,75
sbwo2p.mpg,ok,442368,360,288,25.0,3.0,75
sbwo3a.mpg,ok,477184,360,288,25.0,3.0,75
sbwozn.mpg,ok,481280,360,288,25.0,3.0,75
sbwu4n.mpg,ok,409600,360,288,25.0,3.0,75
sbwu5s.mpg,ok,415744,360,288,25.0,3.0,75
sbwu6p.mpg,ok,419840,360,288,25.0,3.0,75
sbwu7a.mpg,ok,432128,360,288,25.0,3.0,75
sgac2n.mpg,ok,432128,360,288,25.0,3.0,75
sgac3s.mpg,ok,432128,360,288,25.0,3.0,75
sgac4p.mpg,ok,415744,360,288,25.0,3.0,75
sgac5a.mpg,ok,417792,360,288,25.0,3.0,75
sgai6n.mpg,ok,425984,360,288,25.0,3.0,75
sgai7s.mpg,ok,413696,360,288,25.0,3.0,75
sgai8p.mpg,ok,477184,360,288,25.0,3.0,75
sgai9a.mpg,ok,438272,360,288,25.0,3.0,75
sgap1s.mpg,ok,438272,360,288,25.0,3.0,75
sgap2p.mpg,ok,434176,360,288,25.0,3.0,75
sgap3a.mpg,ok,419840,360,288,25.0,3.0,75
sgapzn.mpg,ok,407552,360,288,25.0,3.0,75
sgav4n.mpg,ok,411648,360,288,25.0,3.0,75
sgav5s.mpg,ok,428032,360,288,25.0,3.0,75
sgav6p.mpg,ok,423936,360,288,25.0,3.0,75
sgav7a.mpg,ok,468992,360,288,25.0,3.0,75
sgbc6n.mpg,ok,436224,360,288,25.0,3.0,75
sgbc7s.mpg,ok,419840,360,288,25.0,3.0,75
sgbc8p.mpg,ok,430080,360,288,25.0,3.0,75
sgbc9a.mpg,ok,446464,360,288,25.0,3.0,75
sgbj1s.mpg,ok,430080,360,288,25.0,3.0,75
sgbj2p.mpg,ok,409600,360,288,25.0,3.0,75
sgbj3a.mpg,ok,413696,360,288,25.0,3.0,75
sgbjzn.mpg,ok,466944,360,288,25.0,3.0,75
sgbp4n.mpg,ok,432128,360,288,25.0,3.0,75
sgbp5s.mpg,ok,428032,360,288,25.0,3.0,75
sgbp6p.mpg,ok,428032,360,288,25.0,3.0,75
sgbp7a.mpg,ok,425984,360,288,25.0,3.0,75
sgbv8n.mpg,ok,411648,360,288,25.0,3.0,75
sgbv9s.mpg,ok,407552,360,288,25.0,3.0,75
sgbx1a.mpg,ok,434176,360,288,25.0,3.0,75
sgbxzp.mpg,ok,440320,360,288,25.0,3.0,75
sgib8n.mpg,ok,428032,360,288,25.0,3.0,75
sgib9s.mpg,ok,438272,360,288,25.0,3.0,75
sgic1a.mpg,ok,405504,360,288,25.0,3.0,75
sgiczp.mpg,ok,485376,360,288,25.0,3.0,75
sgii2n.mpg,ok,446464,360,288,25.0,3.0,75
sgii3s.mpg,ok,481280,360,288,25.0,3.0,75
sgii4p.mpg,ok,471040,360,288,25.0,3.0,75
sgii5a.mpg,ok,423936,360,288,25.0,3.0,75
sgio6n.mpg,ok,448512,360,288,25.0,3.0,75
sgio7s.mpg,ok,434176,360,288,25.0,3.0,75
sgio8p.mpg,ok,446464,360,288,25.0,3.0,75
sgio9a.mpg,ok,413696,360,288,25.0,3.0,75
sgiv1s.mpg,ok,446464,360,288,25.0,3.0,75
sgiv2p.mpg,ok,423936,360,288,25.0,3.0,75
sgiv3a.mpg,ok,425984,360,288,25.0,3.0,75
sgivzn.mpg,ok,428032,360,288,25.0,3.0,75
sgwd1s.mpg,ok,421888,360,288,25.0,3.0,75
sgwd2p.mpg,ok,415744,360,288,25.0,3.0,75
sgwd3a.mpg,ok,417792,360,288,25.0,3.0,75
sgwdzn.mpg,ok,417792,360,288,25.0,3.0,75
sgwj4n.mpg,ok,423936,360,288,25.0,3.0,75
sgwj5s.mpg,ok,419840,360,288,25.0,3.0,75
sgwj6p.mpg,ok,417792,360,288,25.0,3.0,75
sgwj7a.mpg,ok,434176,360,288,25.0,3.0,75
sgwp8n.mpg,ok,428032,360,288,25.0,3.0,75
sgwp9s.mpg,ok,405504,360,288,25.0,3.0,75
sgwq1a.mpg,ok,415744,360,288,25.0,3.0,75
sgwqzp.mpg,ok,419840,360,288,25.0,3.0,75
sgwx2n.mpg,ok,421888,360,288,25.0,3.0,75
sgwx3s.mpg,ok,417792,360,288,25.0,3.0,75
sgwx4p.mpg,ok,407552,360,288,25.0,3.0,75
sgwx5a.mpg,ok,417792,360,288,25.0,3.0,75
srab1s.mpg,ok,485376,360,288,25.0,3.0,75
srab2p.mpg,ok,415744,360,288,25.0,3.0,75
srab3a.mpg,ok,421888,360,288,25.0,3.0,75
srabzn.mpg,ok,485376,360,288,25.0,3.0,75
srah4n.mpg,ok,440320,360,288,25.0,3.0,75
srah5s.mpg,ok,430080,360,288,25.0,3.0,75
srah6p.mpg,ok,454656,360,288,25.0,3.0,75
srah7a.mpg,ok,432128,360,288,25.0,3.0,75
sran8n.mpg,ok,417792,360,288,25.0,3.0,75
sran9s.mpg,ok,440320,360,288,25.0,3.0,75
srao1a.mpg,ok,407552,360,288,25.0,3.0,75
sraozp.mpg,ok,430080,360,288,25.0,3.0,75
srau2n.mpg,ok,428032,360,288,25.0,3.0,75
srau3s.mpg,ok,409600,360,288,25.0,3.0,75
srau4p.mpg,ok,413696,360,288,25.0,3.0,75
srau5a.mpg,ok,456704,360,288,25.0,3.0,75
srbb4n.mpg,ok,430080,360,288,25.0,2.96,74
srbb5s.mpg,ok,419840,360,288,25.0,3.0,75
srbb6p.mpg,ok,452608,360,288,25.0,3.0,75
srbb7a.mpg,ok,409600,360,288,25.0,3.0,75
srbh8n.mpg,ok,436224,360,288,25.0,3.0,75
srbh9s.mpg,ok,405504,360,288,25.0,3.0,75
srbi1a.mpg,ok,411648,360,288,25.0,3.0,75
srbizp.mpg,ok,417792,360,288,25.0,3.0,75
srbo2n.mpg,ok,407552,360,288,25.0,3.0,75
srbo3s.mpg,ok,407552,360,288,25.0,3.0,75
srbo4p.mpg,ok,411648,360,288,25.0,3.0,75
srbo5a.mpg,ok,450560,360,288,25.0,3.0,75
srbu6n.mpg,ok,421888,360,288,25.0,3.0,75
srbu7s.mpg,ok,464896,360,288,25.0,3.0,75
srbu8p.mpg,ok,428032,360,288,25.0,3.0,75
srbu9a.mpg,ok,481280,360,288,25.0,3.0,75
sria6n.mpg,ok,421888,360,288,25.0,3.0,75
sria7s.mpg,ok,434176,360,288,25.0,3.0,75
sria8p.mpg,ok,421888,360,288,25.0,3.0,75
sria9a.mpg,ok,405504,360,288,25.0,3.0,75
srih1s.mpg,ok,428032,360,288,25.0,3.0,75
srih2p.mpg,ok,477184,360,288,25.0,3.0,75
srih3a.mpg,ok,411648,360,288,25.0,3.0,75
srihzn.mpg,ok,477184,360,288,25.0,3.0,75
srin4n.mpg,ok,419840,360,288,25.0,3.0,75
srin5s.mpg,ok,444416,360,288,25.0,3.0,75
srin6p.mpg,ok,428032,360,288,25.0,3.0,75
srin7a.mpg,ok,415744,360,288,25.0,3.0,75
srit8n.mpg,ok,436224,360,288,25.0,3.0,75
srit9s.mpg,ok,415744,360,288,25.0,3.0,75
sriu1a.mpg,ok,423936,360,288,25.0,3.0,75
sriuzp.mpg,ok,409600,360,288,25.0,3.0,75
srwb8n.mpg,ok,423936,360,288,25.0,3.0,75
srwb9s.mpg,ok,417792,360,288,25.0,3.0,75
srwc1a.mpg,ok,452608,360,288,25.0,3.0,75
srwczp.mpg,ok,425984,360,288,25.0,3.0,75
srwi2n.mpg,ok,419840,360,288,25.0,3.0,75
srwi3s.mpg,ok,425984,360,288,25.0,3.0,75
srwi4p.mpg,ok,460800,360,288,25.0,3.0,75
srwi5a.mpg,ok,428032,360,288,25.0,2.96,74
srwo6n.mpg,ok,438272,360,288,25.0,3.0,75
srwo7s.mpg,ok,421888,360,288,25.0,3.0,75
srwo8p.mpg,ok,436224,360,288,25.0,3.0,75
srwo9a.mpg,ok,450560,360,288,25.0,3.0,75
srwv1s.mpg,ok,458752,360,288,25.0,3.0,75
srwv2p.mpg,ok,401408,360,288,25.0,3.0,75
srwv3a.mpg,ok,438272,360,288,25.0,3.0,75
srwvzn.mpg,ok,430080,360,288,25.0,3.0,75
swab6n.mpg,ok,448512,360,288,25.0,3.0,75
swab7s.mpg,ok,417792,360,288,25.0,3.0,75
swab8p.mpg,ok,436224,360,288,25.0,3.0,75
swab9a.mpg,ok,421888,360,288,25.0,3.0,75
swai1s.mpg,ok,430080,360,288,25.0,3.0,75
swai2p.mpg,ok,442368,360,288,25.0,3.0,75
swai3a.mpg,ok,421888,360,288,25.0,3.0,75
swaizn.mpg,ok,417792,360,288,25.0,3.0,75
swao4n.mpg,ok,440320,360,288,25.0,3.0,75
swao5s.mpg,ok,432128,360,288,25.0,3.0,75
swao6p.mpg,ok,425984,360,288,25.0,3.0,75
swao7a.mpg,ok,411648,360,288,25.0,2.96,74
swau8n.mpg,ok,417792,360,288,25.0,3.0,75
swau9s.mpg,ok,438272,360,288,25.0,3.0,75
swav1a.mpg,ok,438272,360,288,25.0,3.0,75
swavzp.mpg,ok,440320,360,288,25.0,3.0,75
swbc1s.mpg,ok,432128,360,288,25.0,3.0,75
swbc2p.mpg,ok,442368,360,288,25.0,3.0,75
swbc3a.mpg,ok,436224,360,288,25.0,3.0,75
swbczn.mpg,ok,415744,360,288,25.0,3.0,75
swbi4n.mpg,ok,452608,360,288,25.0,3.0,75
swbi5s.mpg,ok,425984,360,288,25.0,3.0,75
swbi6p.mpg,ok,409600,360,288,25.0,3.0,75
swbi7a.mpg,ok,434176,360,288,25.0,3.0,75
swbo8n.mpg,ok,430080,360,288,25.0,3.0,75
swbo9s.mpg,ok,456704,360,288,25.0,3.0,75
swbp1a.mpg,ok,417792,360,288,25.0,3.0,75
swbpzp.mpg,ok,421888,360,288,25.0,3.0,75
swbv2n.mpg,ok,417792,360,288,25.0,3.0,75
swbv3s.mpg,ok,421888,360,288,25.0,3.0,75
swbv4p.mpg,ok,419840,360,288,25.0,3.0,75
swbv5a.mpg,ok,419840,360,288,25.0,3.0,75
swib2n.mpg,ok,434176,360,288,25.0,3.0,75
swib3s.mpg,ok,438272,360,288,25.0,3.0,75
swib4p.mpg,ok,409600,360,288,25.0,3.0,75
swib5a.mpg,ok,413696,360,288,25.0,3.0,75
swih6n.mpg,ok,409600,360,288,25.0,3.0,75
swih7s.mpg,ok,475136,360,288,25.0,3.0,75
swih8p.mpg,ok,419840,360,288,25.0,3.0,75
swih9a.mpg,ok,440320,360,288,25.0,3.0,75
swio1s.mpg,ok,436224,360,288,25.0,3.0,75
swio2p.mpg,ok,417792,360,288,25.0,3.0,75
swio3a.mpg,ok,458752,360,288,25.0,3.0,75
swiozn.mpg,ok,485376,360,288,25.0,3.0,75
swiu4n.mpg,ok,432128,360,288,25.0,3.0,75
swiu5s.mpg,ok,430080,360,288,25.0,3.0,75
swiu6p.mpg,ok,417792,360,288,25.0,3.0,75
swiu7a.mpg,ok,411648,360,288,25.0,3.0,75
swwc4n.mpg,ok,434176,360,288,25.0,3.0,75
swwc5s.mpg,ok,407552,360,288,25.0,3.0,75
swwc6p.mpg,ok,419840,360,288,25.0,3.0,75
swwc7a.mpg,ok,456704,360,288,25.0,3.0,75
swwi8n.mpg,ok,421888,360,288,25.0,3.0,75
swwi9s.mpg,ok,436224,360,288,25.0,3.0,75
swwj1a.mpg,ok,473088,360,288,25.0,3.0,75
swwjzp.mpg,ok,419840,360,288,25.0,3.0,75
swwp2n.mpg,ok,436224,360,288,25.0,3.0,75
swwp3s.mpg,ok,411648,360,288,25.0,3.0,75
swwp4p.mpg,ok,430080,360,288,25.0,3.0,75
swwp5a.mpg,ok,432128,360,288,25.0,3.0,75
swwv6n.mpg,ok,411648,360,288,25.0,3.0,75
swwv7s.mpg,ok,405504,360,288,25.0,3.0,75
swwv8p.mpg,ok,413696,360,288,25.0,3.0,75
swwv9a.mpg,ok,446464,360,288,25.0,3.0,75
